game,drawing_date,generated_at,strategy,n1,n2,n3,n4,n5,special,status,white_matches,special_match,tier,prize
Mega Millions,2026-09-08,2026-09-07T17:05:18+00:00,random (quick-pick baseline),17,25,32,46,60,12,resolved,1,0,,0
Mega Millions,2026-09-08,2026-09-07T17:05:18+00:00,hot numbers (full history),18,40,42,49,63,12,resolved,0,0,,0
Mega Millions,2026-09-08,2026-09-07T17:05:18+00:00,hot numbers (last 26 draws),5,26,30,48,51,12,resolved,1,0,,0
Mega Millions,2026-09-08,2026-09-07T17:05:18+00:00,cold / overdue numbers,3,7,28,29,67,15,resolved,0,0,,0
Mega Millions,2026-09-08,2026-09-07T17:05:18+00:00,frequency-weighted,10,14,16,18,37,10,resolved,0,0,,0
Mega Millions,2026-09-08,2026-09-07T17:05:18+00:00,sum-range targeting,26,29,35,53,54,13,resolved,0,0,,0
Mega Millions,2026-09-08,2026-09-07T17:05:18+00:00,odd/even balance,12,31,46,47,68,11,resolved,0,0,,0
Mega Millions,2026-09-08,2026-09-07T17:05:18+00:00,high/low balance,3,15,26,44,45,6,resolved,0,0,,0
Mega Millions,2026-09-08,2026-09-07T17:05:18+00:00,no consecutive numbers,5,29,35,39,60,11,resolved,0,0,,0
Mega Millions,2026-09-08,2026-09-07T17:05:18+00:00,pair co-occurrence,18,40,42,49,63,12,resolved,0,0,,0
Mega Millions,2026-09-08,2026-09-07T17:05:18+00:00,adaptive feedback (own hit history),39,47,59,61,68,19,resolved,0,0,,0
Powerball,2026-09-07,2026-09-07T17:05:18+00:00,random (quick-pick baseline),25,27,29,32,53,15,resolved,0,0,,0
Powerball,2026-09-07,2026-09-07T17:05:18+00:00,hot numbers (full history),21,27,28,61,64,14,resolved,1,0,,0
Powerball,2026-09-07,2026-09-07T17:05:18+00:00,hot numbers (last 26 draws),5,8,29,58,59,2,resolved,0,0,,0
Powerball,2026-09-07,2026-09-07T17:05:18+00:00,cold / overdue numbers,13,26,34,46,49,16,resolved,0,0,,0
Powerball,2026-09-07,2026-09-07T17:05:18+00:00,frequency-weighted,9,12,17,19,58,24,resolved,1,0,,0
Powerball,2026-09-07,2026-09-07T17:05:18+00:00,sum-range targeting,6,21,29,42,69,16,resolved,0,0,,0
Powerball,2026-09-07,2026-09-07T17:05:18+00:00,odd/even balance,9,24,39,57,64,24,resolved,1,0,,0
Powerball,2026-09-07,2026-09-07T17:05:18+00:00,high/low balance,11,21,41,42,67,15,resolved,0,0,,0
Powerball,2026-09-07,2026-09-07T17:05:18+00:00,no consecutive numbers,2,35,47,55,64,19,resolved,0,0,,0
Powerball,2026-09-07,2026-09-07T17:05:18+00:00,pair co-occurrence,21,27,28,61,64,14,resolved,1,0,,0
Powerball,2026-09-07,2026-09-07T17:05:18+00:00,adaptive feedback (own hit history),11,17,34,45,46,20,resolved,0,0,,0
Powerball,2026-09-09,2026-09-08T09:50:20+00:00,random (quick-pick baseline),9,12,16,21,61,1,resolved,1,0,,0
Powerball,2026-09-09,2026-09-08T09:50:20+00:00,hot numbers (full history),21,27,28,61,64,14,resolved,0,0,,0
Powerball,2026-09-09,2026-09-08T09:50:20+00:00,hot numbers (last 26 draws),5,8,50,58,59,3,resolved,0,0,,0
Powerball,2026-09-09,2026-09-08T09:50:20+00:00,cold / overdue numbers,13,26,34,46,49,16,resolved,0,0,,0
Powerball,2026-09-09,2026-09-08T09:50:20+00:00,frequency-weighted,18,21,41,50,60,21,resolved,0,0,,0
Powerball,2026-09-09,2026-09-08T09:50:20+00:00,sum-range targeting,21,26,37,47,58,24,resolved,0,0,,0
Powerball,2026-09-09,2026-09-08T09:50:20+00:00,odd/even balance,8,26,31,63,69,6,resolved,0,0,,0
Powerball,2026-09-09,2026-09-08T09:50:20+00:00,high/low balance,2,8,40,59,62,2,resolved,1,0,,0
Powerball,2026-09-09,2026-09-08T09:50:20+00:00,no consecutive numbers,15,56,62,65,69,21,resolved,1,0,,0
Powerball,2026-09-09,2026-09-08T09:50:20+00:00,pair co-occurrence,21,27,28,61,64,14,resolved,0,0,,0
Powerball,2026-09-09,2026-09-08T09:50:20+00:00,adaptive feedback (own hit history),8,13,30,47,64,11,resolved,0,0,,0
Mega Millions,2026-09-11,2026-09-09T09:49:11+00:00,random (quick-pick baseline),2,12,23,47,58,17,resolved,0,0,,0
Mega Millions,2026-09-11,2026-09-09T09:49:11+00:00,hot numbers (full history),17,18,40,42,49,12,resolved,0,0,,0
Mega Millions,2026-09-11,2026-09-09T09:49:11+00:00,hot numbers (last 26 draws),5,17,26,48,51,12,resolved,0,0,,0
Mega Millions,2026-09-11,2026-09-09T09:49:11+00:00,cold / overdue numbers,3,7,28,29,67,15,resolved,1,0,,0
Mega Millions,2026-09-11,2026-09-09T09:49:11+00:00,frequency-weighted,18,19,23,40,57,12,resolved,0,0,,0
Mega Millions,2026-09-11,2026-09-09T09:49:11+00:00,sum-range targeting,9,12,42,54,70,8,resolved,0,0,,0
Mega Millions,2026-09-11,2026-09-09T09:49:11+00:00,odd/even balance,7,20,21,44,68,9,resolved,0,0,,0
Mega Millions,2026-09-11,2026-09-09T09:49:11+00:00,high/low balance,3,8,27,37,43,24,resolved,1,0,,0
Mega Millions,2026-09-11,2026-09-09T09:49:11+00:00,no consecutive numbers,10,26,37,54,68,3,resolved,0,0,,0
Mega Millions,2026-09-11,2026-09-09T09:49:11+00:00,pair co-occurrence,17,18,40,42,49,12,resolved,0,0,,0
Mega Millions,2026-09-11,2026-09-09T09:49:11+00:00,adaptive feedback (own hit history),1,16,18,51,70,11,resolved,0,0,,0
Powerball,2026-09-12,2026-09-10T09:49:15+00:00,random (quick-pick baseline),4,8,16,28,56,20,resolved,1,0,,0
Powerball,2026-09-12,2026-09-10T09:49:15+00:00,hot numbers (full history),21,27,28,61,64,14,resolved,0,0,,0
Powerball,2026-09-12,2026-09-10T09:49:15+00:00,hot numbers (last 26 draws),5,9,40,58,65,3,resolved,1,1,1+PB,4
Powerball,2026-09-12,2026-09-10T09:49:15+00:00,cold / overdue numbers,13,26,34,46,49,16,resolved,0,0,,0
Powerball,2026-09-12,2026-09-10T09:49:15+00:00,frequency-weighted,33,40,48,62,67,5,resolved,0,0,,0
Powerball,2026-09-12,2026-09-10T09:49:15+00:00,sum-range targeting,14,22,29,58,68,9,resolved,2,0,,0
Powerball,2026-09-12,2026-09-10T09:49:15+00:00,odd/even balance,5,7,30,41,42,14,resolved,0,0,,0
Powerball,2026-09-12,2026-09-10T09:49:15+00:00,high/low balance,22,28,48,65,68,12,resolved,0,0,,0
Powerball,2026-09-12,2026-09-10T09:49:15+00:00,no consecutive numbers,5,23,38,57,61,19,resolved,1,0,,0
Powerball,2026-09-12,2026-09-10T09:49:15+00:00,pair co-occurrence,21,27,28,61,64,14,resolved,0,0,,0
Powerball,2026-09-12,2026-09-10T09:49:15+00:00,adaptive feedback (own hit history),9,18,43,49,50,8,resolved,0,0,,0
Mega Millions,2026-09-15,2026-09-12T09:45:18+00:00,random (quick-pick baseline),3,14,27,43,52,10,pending,,,,
Mega Millions,2026-09-15,2026-09-12T09:45:18+00:00,hot numbers (full history),17,18,40,42,49,12,pending,,,,
Mega Millions,2026-09-15,2026-09-12T09:45:18+00:00,hot numbers (last 26 draws),5,26,30,48,51,12,pending,,,,
Mega Millions,2026-09-15,2026-09-12T09:45:18+00:00,cold / overdue numbers,3,7,28,29,67,15,pending,,,,
Mega Millions,2026-09-15,2026-09-12T09:45:18+00:00,frequency-weighted,4,10,11,33,66,5,pending,,,,
Mega Millions,2026-09-15,2026-09-12T09:45:18+00:00,sum-range targeting,2,22,36,59,64,16,pending,,,,
Mega Millions,2026-09-15,2026-09-12T09:45:18+00:00,odd/even balance,2,16,20,27,43,24,pending,,,,
Mega Millions,2026-09-15,2026-09-12T09:45:18+00:00,high/low balance,7,23,26,47,58,19,pending,,,,
Mega Millions,2026-09-15,2026-09-12T09:45:18+00:00,no consecutive numbers,30,36,51,56,62,5,pending,,,,
Mega Millions,2026-09-15,2026-09-12T09:45:18+00:00,pair co-occurrence,17,18,40,42,49,12,pending,,,,
Mega Millions,2026-09-15,2026-09-12T09:45:18+00:00,adaptive feedback (own hit history),16,21,39,40,70,2,pending,,,,
Powerball,2026-09-14,2026-09-13T10:05:42+00:00,random (quick-pick baseline),1,37,45,53,60,17,pending,,,,
Powerball,2026-09-14,2026-09-13T10:05:42+00:00,hot numbers (full history),21,27,28,61,64,14,pending,,,,
Powerball,2026-09-14,2026-09-13T10:05:42+00:00,hot numbers (last 26 draws),9,50,54,58,65,3,pending,,,,
Powerball,2026-09-14,2026-09-13T10:05:42+00:00,cold / overdue numbers,13,26,34,46,49,16,pending,,,,
Powerball,2026-09-14,2026-09-13T10:05:42+00:00,frequency-weighted,21,26,38,48,55,9,pending,,,,
Powerball,2026-09-14,2026-09-13T10:05:42+00:00,sum-range targeting,13,14,34,45,65,16,pending,,,,
Powerball,2026-09-14,2026-09-13T10:05:42+00:00,odd/even balance,8,17,37,49,62,24,pending,,,,
Powerball,2026-09-14,2026-09-13T10:05:42+00:00,high/low balance,9,34,37,45,62,17,pending,,,,
Powerball,2026-09-14,2026-09-13T10:05:42+00:00,no consecutive numbers,2,5,9,16,50,22,pending,,,,
Powerball,2026-09-14,2026-09-13T10:05:42+00:00,pair co-occurrence,21,27,28,61,64,14,pending,,,,
Powerball,2026-09-14,2026-09-13T10:05:42+00:00,adaptive feedback (own hit history),9,50,54,58,65,3,pending,,,,
